{"version":1,"lastPerfBoundaries":[0.001,0.002,0.004,0.006,0.008,0.01,0.015,0.02,0.03,0.05,0.07,0.1,0.15,0.25,"+Inf"],"log":[{"ts":1778503320078,"type":"svBoot","duration":3},{"ts":1778503373674,"type":"data","players":0,"fxsMemory":null,"nodeMemory":5.42,"perf":{"svSync":{"count":3748,"sum":0.2200000000000002,"buckets":[3747,1,0,0,0,0,0,0,0,0,0,0,0,0,0]},"svNetwork":{"count":3683,"sum":0.1880000000000001,"buckets":[3683,0,0,0,0,0,0,0,0,0,0,0,0,0,0]},"svMain":{"count":850,"sum":0.4360000000000003,"buckets":[837,8,2,0,0,1,0,0,0,2,0,0,0,0,0]}}}]}